Day,Hour,July,August,November,December
1,4:00:00,69.78,65.3,35.32,55.98
1,5:00:00,69.08,64.49,35.06,55.67
1,6:00:00,68.95,63.68,34.87,55.2
1,7:00:00,69.32,62.87,34.88,55.07
1,8:00:00,69.82,63,34.05,54.08
1,9:00:00,70.08,62.31,34.51,54.24
1,10:00:00,71.09,62.31,34.33,54.4
1,11:00:00,71.09,61.45,33.63,51.82
1,12:00:00,73.53,64.02,33.63,52.37
1,13:00:00,75.7,68.02,33.63,54.31
1,14:00:00,79.34,71.05,33.63,57.1
1,15:00:00,80.84,72.79,34.77,57.28
1,16:00:00,82.29,75.1,35.13,56.39
1,17:00:00,84.55,76.11,36.53,56.56
1,18:00:00,85.29,78.28,36.33,55.06
1,19:00:00,86.18,79.95,36.25,54.33
1,20:00:00,86.61,79.03,36.25,52.96
1,21:00:00,86.28,80.57,36.57,52.36
1,22:00:00,87.93,77.84,36.57,50.6
1,23:00:00,85.35,76.34,35.57,48.46
2,0:00:00,82.72,73.42,35.76,47.32
2,1:00:00,79.87,69.85,35.32,46.06
2,2:00:00,76.67,67.69,35.32,45.27
2,3:00:00,75.44,66.76,35.32,43.49
2,4:00:00,74.68,65.75,35,43.33
2,5:00:00,73.42,64.58,33.95,43.94
2,6:00:00,72.79,64.77,32.89,43.63
2,7:00:00,72.13,64.82,32.08,43.79
2,8:00:00,70.92,64.4,31.71,43.79
2,9:00:00,70.37,64.27,31.53,43.79
2,10:00:00,70.08,64.09,30.72,44.78
2,11:00:00,71.27,64.22,30.59,46.01
2,12:00:00,74.27,65.1,29.53,46.84
2,13:00:00,76.09,67.35,30.77,48.6
2,14:00:00,78.3,70.23,33.7,49.39
2,15:00:00,79.54,74.15,35.99,49.36
2,16:00:00,81.84,75.91,38.5,50.21
2,17:00:00,83.15,76.45,40.12,50.72
2,18:00:00,84.52,77.25,42.5,51.63
2,19:00:00,85.34,80.28,44.99,52.26
2,20:00:00,85.83,80.67,45.85,52.89
2,21:00:00,86.27,80.28,46.16,52.28
2,22:00:00,85.46,75.58,44.28,51.65
2,23:00:00,83.66,73.53,38.72,52.28
3,0:00:00,79.97,72.09,36.47,52.28
3,1:00:00,77.46,69.25,33.79,51.45
3,2:00:00,74.05,66.78,31.92,52.15
3,3:00:00,71.81,65.46,30.74,51.99
3,4:00:00,71.5,64.17,29.85,52.76
3,5:00:00,68.93,62.66,28.35,52.76
3,6:00:00,68.89,61.8,28.68,52.82
3,7:00:00,68.62,60.79,28.48,53.04
3,8:00:00,67.98,59.17,27.54,52.43
3,9:00:00,67.17,59.04,27.72,52.82
3,10:00:00,67.8,58.68,27.26,52.98
3,11:00:00,67.93,59.55,29.33,52.54
3,12:00:00,69.86,60.48,30.32,52.7
3,13:00:00,70.72,64.98,32.47,53.42
3,14:00:00,72.59,68.23,36.62,53.27
3,15:00:00,74.26,72.3,44.62,53.77
3,16:00:00,74.82,75.81,50.66,53.68
3,17:00:00,75.7,77.62,54.28,52.76
3,18:00:00,76.14,78.73,57.53,51.52
3,19:00:00,76.51,79.36,60.59,49.61
3,20:00:00,77.41,78.14,61.73,48.82
3,21:00:00,77.43,79.16,61.1,45.48
3,22:00:00,76.39,78.3,58.35,43.48
3,23:00:00,73.57,76.04,52.36,40.6
4,0:00:00,71.89,72.84,48.04,39.49
4,1:00:00,69.26,68.14,45.1,38.25
4,2:00:00,66.68,65.82,43.67,36.15
4,3:00:00,64.68,64.4,43.1,35.38
4,4:00:00,63.85,62.51,42.72,35.38
4,5:00:00,62.03,61.84,40.3,35
4,6:00:00,61.08,59.65,40.11,36.1
4,7:00:00,60.4,57.85,39.75,36.17
4,8:00:00,60.33,57.96,39.12,36.57
4,9:00:00,59.6,59.01,38.95,36.8
4,10:00:00,57.73,57.71,38.95,36.8
4,11:00:00,58.95,57.84,37.9,37.49
4,12:00:00,63.09,61.17,38.58,38.11
4,13:00:00,65.69,65.56,41.04,40.28
4,14:00:00,67.06,69.22,47.1,41.43
4,15:00:00,69.62,73.64,52.82,42.28
4,16:00:00,71.5,76.18,56.84,41.67
4,17:00:00,73.05,78.88,59.47,42.52
4,18:00:00,73.99,80.55,60.35,43.53
4,19:00:00,75.55,81.07,62.47,43.85
4,20:00:00,76.5,81.98,63.09,44.29
4,21:00:00,76.17,81.61,63.27,44.79
4,22:00:00,76.04,80.76,61.16,45.29
4,23:00:00,74.59,79.01,55.28,45.16
5,0:00:00,71.91,75.05,53.08,45.34
5,1:00:00,67.48,71.59,51.15,45.77
5,2:00:00,63.85,68.73,49.59,45.82
5,3:00:00,61.08,67.28,50.03,45.95
5,4:00:00,59.21,65.48,48.98,45.95
5,5:00:00,57.83,64.31,49.26,46.81
5,6:00:00,56.77,63.3,49.43,47.31
5,7:00:00,55.4,61.68,49.29,46.99
5,8:00:00,53.9,61.6,50.12,47.23
5,9:00:00,53.09,61.87,50.46,47.36
5,10:00:00,52.16,61.5,49.78,48.22
5,11:00:00,53.48,61.63,49.28,48.92
5,12:00:00,59.42,64.03,49.5,49.28
5,13:00:00,64.07,67.04,50.4,50.46
5,14:00:00,69.65,72.11,51.11,52.5
5,15:00:00,71.94,76.08,52.2,54
5,16:00:00,74.28,78.49,50.26,55.26
5,17:00:00,76.37,81.19,50.02,56.51
5,18:00:00,77.86,82.18,50.63,56.43
5,19:00:00,80,83.01,51.12,56.56
5,20:00:00,81.36,81.95,51.35,55.94
5,21:00:00,81.44,82.5,51.04,55.63
5,22:00:00,81.8,81.37,51.53,54.68
5,23:00:00,80.24,79.92,50.85,53.67
6,0:00:00,76.55,76.63,51.53,53.79
6,1:00:00,71.21,71.81,51.53,52.78
6,2:00:00,66.39,68.3,51.53,52.48
6,3:00:00,64.89,65.47,51.53,52.72
6,4:00:00,62.46,65.88,51.22,53.18
6,5:00:00,63.29,64.46,51.4,53.13
6,6:00:00,60.91,63.8,52.03,52.68
6,7:00:00,59.94,63.55,51.66,52.5
6,8:00:00,60.36,63.46,52.16,52.81
6,9:00:00,59.66,63.47,52.16,54.02
6,10:00:00,59.74,63.48,52.03,53.32
6,11:00:00,60.44,63.43,52.21,53.32
6,12:00:00,63.63,65.17,52.9,53.96
6,13:00:00,68.89,68.31,52.84,55.04
6,14:00:00,73.42,72.98,55.67,55.35
6,15:00:00,76.22,76.41,57.8,54.21
6,16:00:00,79.62,78.87,59.12,54.11
6,17:00:00,80.89,81.02,61.15,52.83
6,18:00:00,81.9,82,59.27,51.15
6,19:00:00,82.73,82.73,58.35,46.87
6,20:00:00,83.36,80.21,54.74,45.31
6,21:00:00,84.03,81.07,51.96,44.16
6,22:00:00,83.17,76.6,49.28,42.6
6,23:00:00,81.53,73.5,48.01,41.9
7,0:00:00,78.28,72.17,46.89,40.76
7,1:00:00,72.98,69.22,45.75,40.26
7,2:00:00,69.61,68.06,45.07,39.7
7,3:00:00,67.79,66.88,43.77,38.38
7,4:00:00,65.01,67.46,42.13,37.7
7,5:00:00,63.25,66.29,40.63,37.05
7,6:00:00,63.12,65.8,40.25,36.56
7,7:00:00,61.93,65.31,40.12,36.43
7,8:00:00,61.08,64.84,39.81,36.43
7,9:00:00,61.67,64.66,39.16,36.3
7,10:00:00,60.97,64.71,38.98,36.3
7,11:00:00,61.75,64.4,38.8,36.12
7,12:00:00,67.02,65.22,38.3,35.99
7,13:00:00,70.38,68.35,38.3,36.12
7,14:00:00,76.15,70.77,38.8,37.49
7,15:00:00,78.47,73.67,38.98,39.57
7,16:00:00,81.9,77.24,39.94,42.64
7,17:00:00,83.15,78.52,40.43,44.89
7,18:00:00,84.03,80.51,40.79,46.76
7,19:00:00,86.43,82.42,41.87,47.71
7,20:00:00,86.61,82,42.55,46.39
7,21:00:00,87.55,81.97,43.06,43.89
7,22:00:00,86.55,80.86,42.55,40.27
7,23:00:00,85.17,78.57,40.43,38.38
8,0:00:00,81.35,74.55,37.42,37.25
8,1:00:00,77.99,72.09,34.6,36.8
8,2:00:00,74.04,70.09,33.92,37.14
8,3:00:00,72.39,68.67,32.99,37.44
8,4:00:00,70.81,67.97,31.98,37.93
8,5:00:00,70.35,67.96,31.47,37.44
8,6:00:00,70.32,67.95,31.1,37.49
8,7:00:00,69.13,67.45,31.29,38.89
8,8:00:00,67.74,67.27,30.4,38.43
8,9:00:00,68.37,66.85,30.22,37.88
8,10:00:00,68.44,67.67,29.9,37.37
8,11:00:00,69.64,67.49,30.61,37.7
8,12:00:00,73.4,66.62,30.97,37.18
8,13:00:00,74.53,66.93,33.07,38.92
8,14:00:00,76.18,67.61,37.44,40.98
8,15:00:00,77.46,68.29,43.53,41.65
8,16:00:00,79.9,68.98,47.53,42.64
8,17:00:00,82.25,69.86,51.43,43.33
8,18:00:00,82.75,69.91,53.32,44.57
8,19:00:00,79.32,71.78,56,45.07
8,20:00:00,76.86,72.77,56,44.44
8,21:00:00,75.08,73.94,57,42.75
8,22:00:00,74.64,73.26,55,41.26
8,23:00:00,74.38,72.72,49.35,39.14
9,0:00:00,73.47,71.6,47,37.87
9,1:00:00,72.06,70.83,46.55,37.69
9,2:00:00,70.97,70.65,43.83,35.87
9,3:00:00,70.41,69.82,42.82,35.87
9,4:00:00,68.88,69.64,42.02,34.7
9,5:00:00,67.84,69.64,40.38,34.62
9,6:00:00,68.04,69.45,39.35,35.35
9,7:00:00,67.71,69.32,37.86,35.85
9,8:00:00,69.03,69.09,37.45,36.81
9,9:00:00,69.22,68.91,35.37,36.99
9,10:00:00,69.35,69.09,35.22,37.5
9,11:00:00,69.35,68.59,36.98,37.63
9,12:00:00,70.17,69.58,37.35,37.27
9,13:00:00,70.21,71.11,38.49,37.27
9,14:00:00,71.29,72.67,41.71,37.83
9,15:00:00,72.91,74.96,47.05,38.4
9,16:00:00,74.21,76.39,49.95,39.26
9,17:00:00,76.07,77.57,52.81,39.71
9,18:00:00,79.31,79.02,54.89,38.72
9,19:00:00,78.94,80.73,56.32,39.15
9,20:00:00,79.46,79.87,56.82,38.02
9,21:00:00,80.64,79.29,57.51,38.02
9,22:00:00,81.04,79.1,54.43,37.14
9,23:00:00,79.09,77.7,48.39,36.82
10,0:00:00,76.39,75.2,44.48,36.51
10,1:00:00,74.39,73.83,40.65,36.38
10,2:00:00,70.57,72.64,40.34,36.38
10,3:00:00,69.17,71.6,39.17,36.38
10,4:00:00,68.31,70.66,37.15,36.38
10,5:00:00,66.21,70.03,37.05,36.13
10,6:00:00,66.9,69.17,36.29,35.5
10,7:00:00,66.72,67.96,36.24,35.63
10,8:00:00,65.89,68.51,35.05,35.5
10,9:00:00,66.03,68.57,35.05,35.37
10,10:00:00,65.98,67.92,34.17,35.37
10,11:00:00,65.8,69.06,34.67,34.87
10,12:00:00,66.41,69.32,34.12,35.06
10,13:00:00,70.12,70.78,37.03,35.19
10,14:00:00,72.88,72.55,43.16,35.19
10,15:00:00,76.37,73.4,50.59,35.37
10,16:00:00,79.03,74.28,57.82,35.63
10,17:00:00,79.96,74.05,61.68,35.37
10,18:00:00,80.86,74.2,64.57,35.42
10,19:00:00,81.84,73.63,65.71,35.11
10,20:00:00,83.36,75.11,66.02,34.43
10,21:00:00,83.39,75.58,65.64,34.25
10,22:00:00,81.67,75.83,62.3,33.6
10,23:00:00,81.85,76.07,55.4,33.42
11,0:00:00,78.55,74.07,53.76,33.29
11,1:00:00,73.89,73.32,50.69,32.1
11,2:00:00,70.94,71.96,48.22,32.1
11,3:00:00,68.88,71.27,48.19,31.73
11,4:00:00,67.38,71.6,46.25,31.73
11,5:00:00,65.84,70.58,45.83,31.24
11,6:00:00,64.8,70.91,44.27,31.06
11,7:00:00,64.5,70.72,43.24,30.81
11,8:00:00,63.05,69.84,42.44,30.5
11,9:00:00,61.73,69.53,40.32,30.44
11,10:00:00,61.92,69.4,39.65,30.31
11,11:00:00,62.76,69.35,38.75,30.18
11,12:00:00,66.19,69.71,39.89,30
11,13:00:00,70.96,71.03,43.87,30.38
11,14:00:00,75.9,73.4,50.65,31
11,15:00:00,79.82,74.84,56.04,32.56
11,16:00:00,81.98,74.02,61.09,34.51
11,17:00:00,83.61,74.8,64.49,36.27
11,18:00:00,84.7,74.85,65.74,37.81
11,19:00:00,85.3,73.4,67.25,38.81
11,20:00:00,86.23,73.89,67.3,38.43
11,21:00:00,85.43,73.32,66.36,35.31
11,22:00:00,85.87,73.5,63.4,32.8
11,23:00:00,84.64,73.42,57,31.13
12,0:00:00,81.03,73.11,54.47,28.75
12,1:00:00,74.69,72.55,53.64,28.05
12,2:00:00,71.69,71.68,53.47,26.61
12,3:00:00,69.83,72,53.68,25.67
12,4:00:00,68.87,71,52.93,25.49
12,5:00:00,66.87,70,52.65,23.59
12,6:00:00,66.69,70,51.55,23.46
12,7:00:00,66.38,70,50.05,23.36
12,8:00:00,65.08,69.12,50.15,23.24
12,9:00:00,64.89,69.12,47.6,22.11
12,10:00:00,64.03,68.99,44.8,21.93
12,11:00:00,65.03,68.31,44.06,21.93
12,12:00:00,67.91,68.99,42.86,21.74
12,13:00:00,71.01,69.58,41.48,27.34
12,14:00:00,76.86,72.21,41.79,31.85
12,15:00:00,80.99,74.36,41.92,36.09
12,16:00:00,83.62,76.4,42.6,39.14
12,17:00:00,84.21,78.23,43.11,42.51
12,18:00:00,85.95,77.84,42.18,44.88
12,19:00:00,87.22,80.32,41.86,45.99
12,20:00:00,87.89,79.53,41.35,45.81
12,21:00:00,87.89,78.51,40.91,42.34
12,22:00:00,86.3,77.54,39.39,37.49
12,23:00:00,83.81,75.47,38.63,34.34
13,0:00:00,80.87,72.54,37.99,32.52
13,1:00:00,75.76,69.29,37.86,31.05
13,2:00:00,74.54,68.11,37.55,28.79
13,3:00:00,72.7,66.95,37.37,28.76
13,4:00:00,72.34,65.19,36.41,27.62
13,5:00:00,69.23,64.45,36.72,26.25
13,6:00:00,68.55,62.5,36.41,25.42
13,7:00:00,68.55,61.31,36.36,25.6
13,8:00:00,67.91,59.13,36.17,25.32
13,9:00:00,67.78,58.74,35.79,25.19
13,10:00:00,68.17,56.74,35.66,25.68
13,11:00:00,66.6,57.29,35.16,25.97
13,12:00:00,70.73,59.06,35.03,27.24
13,13:00:00,73.87,61.51,34.67,30.65
13,14:00:00,79.55,63.72,34.49,33.87
13,15:00:00,81.38,64.96,34.36,36.15
13,16:00:00,82.68,66.6,34.31,36.72
13,17:00:00,83.4,67.79,34.12,38.11
13,18:00:00,84.25,69.57,33.61,38.37
13,19:00:00,82.77,70.01,33.29,38.56
13,20:00:00,83.37,69.33,32.48,37.67
13,21:00:00,84.69,69.64,31.71,35.5
13,22:00:00,84.19,69.36,31.21,34.6
13,23:00:00,83.62,68.16,30.59,33.05
14,0:00:00,81.58,66.15,30.59,31.85
14,1:00:00,78.26,62.39,29.33,31.6
14,2:00:00,75.57,59.41,29.15,31.34
14,3:00:00,74.19,58.4,28.66,30.7
14,4:00:00,72.85,57.72,27.15,31.78
14,5:00:00,72.8,56.84,27.02,32.09
14,6:00:00,71.61,56.47,25.77,31.96
14,7:00:00,70.78,55.97,25.59,31.83
14,8:00:00,70.74,55.48,24.45,32.21
14,9:00:00,70.19,55.55,23.64,32.73
14,10:00:00,69.82,55.36,23.12,32.73
14,11:00:00,70.01,55.23,22.81,32.73
14,12:00:00,72.14,57.11,22.68,33.43
14,13:00:00,74.16,59.55,22.86,33.82
14,14:00:00,77.16,63.4,24.06,35.01
14,15:00:00,78.61,67.91,25.38,35.83
14,16:00:00,79.54,72.86,26.5,36.46
14,17:00:00,81.96,74.85,27.32,38.02
14,18:00:00,82.71,75.91,28.09,38.52
14,19:00:00,82.8,77.41,28.64,39.08
14,20:00:00,80.33,78.62,28.33,39.08
14,21:00:00,75.68,78.81,27.48,38.77
14,22:00:00,73.84,78.12,26.73,37.5
14,23:00:00,74,76.23,25.91,36.11
15,0:00:00,72.37,72.22,24.71,35.35
15,1:00:00,71.69,69.47,23.34,35.36
15,2:00:00,71.19,66.15,21.4,35.83
15,3:00:00,70,63.73,20.4,35.23
15,4:00:00,69.3,63.11,19.6,35.65
15,5:00:00,68.98,62.9,18.47,35.14
15,6:00:00,69.04,62.72,18.1,34
15,7:00:00,69.04,62.53,17.22,32.35
15,8:00:00,68.36,61.55,18.04,32.04
15,9:00:00,67.29,60.46,17.35,31.21
15,10:00:00,67.62,60.02,16.97,30.98
15,11:00:00,67.62,59.63,17.79,30.53
15,12:00:00,68.62,60.91,17.53,30.94
15,13:00:00,69.68,64.11,19.7,32.81
15,14:00:00,71.06,67.61,25.39,36.76
15,15:00:00,71.29,71.5,29.12,43.27
15,16:00:00,73.86,74.85,32.68,47.14
15,17:00:00,73.72,76.66,35.63,50.17
15,18:00:00,72.38,78.12,38.75,53.08
15,19:00:00,74.06,79.93,40.12,54.21
15,20:00:00,74.81,80.11,41.26,52.5
15,21:00:00,75.85,80.24,40.45,48.47
15,22:00:00,75.09,77.25,39.19,45.35
15,23:00:00,74.85,74.74,36.03,44.76
16,0:00:00,71.86,70.98,34.34,45.55
16,1:00:00,66.54,66.79,35.04,45.68
16,2:00:00,65.3,64.71,33.44,46.92
16,3:00:00,62.92,62.28,33.21,46.15
16,4:00:00,61.37,60.79,32.9,45.74
16,5:00:00,59.37,59.22,32.82,45.6
16,6:00:00,58.38,58.16,32.95,45.42
16,7:00:00,56.25,57.79,34.47,44.92
16,8:00:00,55.31,57.3,35.15,44.72
16,9:00:00,55.18,56.48,36.25,44.67
16,10:00:00,54.29,56.67,36.38,44.98
16,11:00:00,54.17,56.67,36.01,45.18
16,12:00:00,57.73,58.87,36.89,44.93
16,13:00:00,62.13,64.44,37.71,45.85
16,14:00:00,64.61,69.07,38.84,46.82
16,15:00:00,67.17,73.24,38.92,48.21
16,16:00:00,69.15,75.18,39.83,48.49
16,17:00:00,69.18,77.31,39.91,48.83
16,18:00:00,71.24,78.69,39.34,48.26
16,19:00:00,72.32,79.87,38.64,47.89
16,20:00:00,72.74,78.86,38.56,46.82
16,21:00:00,73.68,78.55,38.43,46.32
16,22:00:00,73.18,78.37,38.66,45.33
16,23:00:00,71.55,76.04,38.98,44.14
17,0:00:00,68.54,73.58,40.17,43.95
17,1:00:00,64.08,69.08,40.3,43.64
17,2:00:00,60.71,68.13,41.48,42.45
17,3:00:00,58.53,68,41.79,42.32
17,4:00:00,56.53,67.82,41.74,40.94
17,5:00:00,55.91,67.13,42.6,40.81
17,6:00:00,54.83,66.72,43.68,40.45
17,7:00:00,54.54,66.02,43.68,40.27
17,8:00:00,53.33,65.66,43.79,40.14
17,9:00:00,53.1,65.4,44.7,39.77
17,10:00:00,52.29,65.09,45.33,38.76
17,11:00:00,53.28,65.04,45.78,38.33
17,12:00:00,57.5,66.6,45.6,38.15
17,13:00:00,60.97,69.56,44.64,38.28
17,14:00:00,64.84,71.76,44.17,38.41
17,15:00:00,69.31,74.06,40.89,38.74
17,16:00:00,71.62,76.06,37.68,40.43
17,17:00:00,72.93,76.5,36.2,41.42
17,18:00:00,75,76.15,35,41.92
17,19:00:00,74.75,76.09,34.17,42.82
17,20:00:00,75.49,75.72,33.17,41.47
17,21:00:00,76.73,74.89,32.34,38.89
17,22:00:00,77,73.88,31.48,37.48
17,23:00:00,75.21,73.39,30.62,35.89
18,0:00:00,71.7,72.25,28.06,34.86
18,1:00:00,67.3,71.52,26.93,32.16
18,2:00:00,65.56,71.01,25.36,31.35
18,3:00:00,64.68,70.64,23.41,30.91
18,4:00:00,64.62,70.13,22.29,29.22
18,5:00:00,63.88,70.36,20.68,28.27
18,6:00:00,62.04,70.49,20.93,28.45
18,7:00:00,61.55,69.67,20.62,28.22
18,8:00:00,61.05,68.86,20.44,27.7
18,9:00:00,60.87,69.58,20.26,27.2
18,10:00:00,61.68,69.58,19.74,27.36
18,11:00:00,63.09,69.58,20.13,28.24
18,12:00:00,63.45,70.28,19.2,29.49
18,13:00:00,63.52,71.16,19.02,30.45
18,14:00:00,63.44,72.41,19.66,32.26
18,15:00:00,65.18,73.55,21.03,35.33
18,16:00:00,66.68,75.42,21.95,37.01
18,17:00:00,67.41,76.05,23.88,39.14
18,18:00:00,66.45,77.17,25.33,39.58
18,19:00:00,65.44,76.89,26.01,39.28
18,20:00:00,65.26,78.34,26.32,38.91
18,21:00:00,65.1,77.96,26.26,38.35
18,22:00:00,65.44,78.29,25.07,37.16
18,23:00:00,64.74,77.55,22.87,36.98
19,0:00:00,64.56,74.27,21.11,36.33
19,1:00:00,64.43,71.27,19.48,36.15
19,2:00:00,64.43,70.1,19.11,35.47
19,3:00:00,64.06,68.17,17.41,35.47
19,4:00:00,63.88,66.98,16.42,35.29
19,5:00:00,63.07,67.92,15.23,34.92
19,6:00:00,63.07,67.69,14.54,33.66
19,7:00:00,63.07,67.87,14.92,33.53
19,8:00:00,63.07,67.74,14.45,33.53
19,9:00:00,63.25,66.75,14.51,33.4
19,10:00:00,63.25,67.94,13.65,33.6
19,11:00:00,63.25,68.12,13.88,33.42
19,12:00:00,63.75,68.98,14.06,32.72
19,13:00:00,64.56,71.31,17.06,34.09
19,14:00:00,64.92,72.61,23.07,36.04
19,15:00:00,65.75,75.88,27.39,37.16
19,16:00:00,67.61,77.02,31.9,39.16
19,17:00:00,68.94,78,34.77,39.53
19,18:00:00,70.48,78.85,38.9,40.65
19,19:00:00,72.48,81.8,41.38,41.35
19,20:00:00,72.66,82.19,42.96,40.4
19,21:00:00,71.99,81.67,43.03,38.4
19,22:00:00,71.95,80.37,40.71,36.9
19,23:00:00,70.58,79.77,38.75,34.82
20,0:00:00,68.54,76.14,38.26,34.02
20,1:00:00,67.22,73.58,38.39,31.69
20,2:00:00,67.09,71.73,37.27,30.63
20,3:00:00,66.53,69.58,37.01,29.43
20,4:00:00,66.4,68.39,35.85,29.56
20,5:00:00,66.4,67.6,38.13,30.76
20,6:00:00,65.9,66.72,37.95,31.66
20,7:00:00,65.7,67.08,38.46,31.42
20,8:00:00,65.39,67.08,37.52,31.9
20,9:00:00,65.21,67.84,37.16,32.65
20,10:00:00,65.21,67.4,34.98,32.71
20,11:00:00,65.21,68.36,33.48,33.09
20,12:00:00,66.41,67.61,32.62,32.91
20,13:00:00,67.59,69.01,33.56,33.91
20,14:00:00,68.91,70.8,38.01,35.35
20,15:00:00,70.6,74.6,39.41,36.48
20,16:00:00,72.65,76.72,40.85,37.84
20,17:00:00,74.95,79.86,43.15,39.65
20,18:00:00,74.9,82.5,43.53,40.32
20,19:00:00,76.52,82.74,44.58,41.01
20,20:00:00,79.02,81.59,44.89,40.64
20,21:00:00,79.26,78.34,44.21,39.63
20,22:00:00,79.26,76.44,40.76,39.44
20,23:00:00,79.43,72.28,37.6,38.54
21,0:00:00,75.92,71.27,35.11,37.16
21,1:00:00,72.77,68.93,33.73,35.89
21,2:00:00,70.71,68.56,32.67,34.2
21,3:00:00,70.03,66.98,31.19,32.81
21,4:00:00,68.65,66.8,30.83,30.74
21,5:00:00,68.16,66.43,30.25,29.62
21,6:00:00,66.96,66.12,29.57,28.94
21,7:00:00,66.84,66.12,27.55,28.75
21,8:00:00,66.29,65.51,26.55,27.75
21,9:00:00,65.79,65.33,25.56,27.24
21,10:00:00,65.61,64.5,24.76,26.75
21,11:00:00,66.29,64.55,23.44,26.05
21,12:00:00,68.88,65.99,21.21,26.75
21,13:00:00,71.94,69.24,23.95,29.69
21,14:00:00,75.69,72.41,28.22,34.2
21,15:00:00,79.51,73.83,31.45,39.01
21,16:00:00,80.82,77.55,34.52,43.74
21,17:00:00,82.48,78.87,37.5,46.47
21,18:00:00,84.72,81.7,39.88,47.63
21,19:00:00,85.35,83.72,42.89,49.45
21,20:00:00,85.77,84.47,44.19,48.51
21,21:00:00,84.21,83.73,44.19,45.8
21,22:00:00,83.66,83.01,40.26,41.24
21,23:00:00,82.21,79.91,35.86,38.15
22,0:00:00,79.58,77.34,32.35,37.41
22,1:00:00,76.65,73.86,30.98,37.1
22,2:00:00,74.72,72.38,29.34,36.32
22,3:00:00,73.71,70.3,27.55,36.35
22,4:00:00,72.23,70.51,27.37,36.35
22,5:00:00,71.66,69.95,26.93,36.43
22,6:00:00,70.34,69.07,26.46,38.66
22,7:00:00,68.89,69.56,27.1,39.18
22,8:00:00,68.47,69.07,27.08,40.52
22,9:00:00,67.66,67.88,27.9,40.83
22,10:00:00,65.91,67.88,26.94,41.17
22,11:00:00,66.48,68.38,27.43,41.22
22,12:00:00,71.94,69.6,27.72,42.21
22,13:00:00,74.12,71.71,29.55,44.28
22,14:00:00,77.36,75.08,34.22,47.05
22,15:00:00,80.56,79.9,43.17,50.6
22,16:00:00,82.3,82.58,49.65,53.16
22,17:00:00,83.82,84.83,52.78,54.67
22,18:00:00,85.06,85.91,54.54,56.25
22,19:00:00,85.87,86.53,56.35,57.43
22,20:00:00,85.1,88.12,56.36,55.97
22,21:00:00,87.22,84.69,55.68,52.84
22,22:00:00,85.79,83.4,52.61,50.79
22,23:00:00,85.17,80.73,46.77,49.19
23,0:00:00,80.57,76.98,43.12,48.68
23,1:00:00,76.22,74.74,42.87,48.69
23,2:00:00,74.28,74.93,41.62,47.97
23,3:00:00,72.72,72.77,41.97,48.09
23,4:00:00,70.39,72.33,41.73,48.02
23,5:00:00,71.02,71.5,41.27,47.46
23,6:00:00,69.22,71.88,39.97,47.65
23,7:00:00,68.57,71.01,39.61,47.65
23,8:00:00,67.89,70.95,39.92,48.83
23,9:00:00,67.4,70.26,38.91,49.07
23,10:00:00,67.25,70.39,40.13,49.07
23,11:00:00,67.58,70.39,41.15,49.12
23,12:00:00,69.84,70.58,43.07,50.44
23,13:00:00,72.87,74.41,46.36,51.69
23,14:00:00,75.3,77.2,51.54,53.2
23,15:00:00,76.76,79.35,53.5,54.59
23,16:00:00,79.28,82.8,54.87,55.46
23,17:00:00,78.59,83.75,55.74,55.72
23,18:00:00,77.18,85.24,54.34,56.29
23,19:00:00,75.6,86.38,53.67,56.47
23,20:00:00,75.23,85.94,53.68,56.06
23,21:00:00,75.39,85.73,54.59,55.64
23,22:00:00,74.72,85.37,54.48,54.94
23,23:00:00,75.79,83.53,55.21,55.16
24,0:00:00,73.6,78.33,55.11,55.21
24,1:00:00,71.94,76.09,55.87,54.95
24,2:00:00,69.61,74.83,55.86,54.44
24,3:00:00,69.61,74.15,57.02,54.12
24,4:00:00,68.85,73.26,57.47,53.94
24,5:00:00,69.3,72.64,59.68,53.94
24,6:00:00,68.31,71.63,59.63,53.95
24,7:00:00,67.81,70.89,60.06,54.18
24,8:00:00,67.32,70.7,60.09,53.94
24,9:00:00,67.26,70.89,60.47,53.99
24,10:00:00,67.13,70.21,59.98,53.85
24,11:00:00,67.44,69.38,58.34,54.18
24,12:00:00,68.25,71.53,58.39,54.18
24,13:00:00,69.61,73.94,60.08,55.22
24,14:00:00,71.32,75.46,61.61,55.61
24,15:00:00,74.79,78.47,63.88,56.48
24,16:00:00,77.75,80.01,65.64,57.68
24,17:00:00,75.92,81.68,65.85,59.59
24,18:00:00,73.23,83.04,66.34,60.35
24,19:00:00,74.66,84.6,66.24,58.62
24,20:00:00,71.8,84.67,66.11,57.53
24,21:00:00,70.03,83.61,64.73,53.74
24,22:00:00,69.21,81.77,62.73,52.09
24,23:00:00,68.07,80.26,59.65,47.21
25,0:00:00,66.62,76.19,56.36,45.47
25,1:00:00,65.25,73.66,52.77,44.16
25,2:00:00,63.82,72.71,51.83,42.74
25,3:00:00,62.71,71.2,50.27,41.75
25,4:00:00,61,69.9,48.57,41.44
25,5:00:00,60.51,68.74,46.74,40.45
25,6:00:00,59.37,67.74,45.12,39.77
25,7:00:00,59.37,66.61,42.6,39.26
25,8:00:00,58.93,66.12,39.89,38.88
25,9:00:00,59.11,65.49,37.68,38.69
25,10:00:00,58.72,64.82,36.54,38.05
25,11:00:00,58.85,64.31,34.3,37.92
25,12:00:00,59.92,65.95,34.59,37.97
25,13:00:00,61.32,70.1,33.97,37.92
25,14:00:00,64.51,71.87,37.73,39.36
25,15:00:00,66.81,74.74,42.79,40.19
25,16:00:00,71.19,77.48,47.72,41.68
25,17:00:00,74.43,78.93,50.23,42.19
25,18:00:00,75.29,80.68,52.62,43.83
25,19:00:00,76.66,81.77,53.74,44.76
25,20:00:00,78.42,83.1,54.13,44.69
25,21:00:00,79.28,81.72,53.19,42.25
25,22:00:00,78.6,82.65,48.67,38.1
25,23:00:00,76.08,79.4,45.96,35.79
26,0:00:00,73.5,75.26,44.08,33.97
26,1:00:00,68.49,71.82,43.66,32.74
26,2:00:00,65.84,70.36,42.34,31.97
26,3:00:00,65.4,67.72,41.79,30.61
26,4:00:00,64.3,66.73,41.24,30.17
26,5:00:00,64.06,66.43,40.55,29.85
26,6:00:00,64.55,64.62,39.39,28.86
26,7:00:00,62.48,63.66,38.94,28.3
26,8:00:00,61.84,63.67,39.1,28.43
26,9:00:00,61.48,62.17,38.18,27.29
26,10:00:00,61.61,61.66,38.34,27.42
26,11:00:00,61.99,61.3,37.35,27.42
26,12:00:00,63.86,63.63,36.56,26.56
26,13:00:00,67.07,67.69,36.24,31.82
26,14:00:00,71.71,72.02,36.11,38.19
26,15:00:00,74.4,74.66,38.01,44.38
26,16:00:00,77.31,77.15,40.7,49
26,17:00:00,79.33,80.21,43.16,51.32
26,18:00:00,80.06,81.46,44.78,53.71
26,19:00:00,81.31,82.31,44.75,52.75
26,20:00:00,81.49,83.4,45.6,52.2
26,21:00:00,82.99,83.22,45.68,48.16
26,22:00:00,82.36,82.36,43.24,44.71
26,23:00:00,81.22,80.18,39.75,43.58
27,0:00:00,79.34,75.89,39.02,42.62
27,1:00:00,75.06,71.41,37.57,41.92
27,2:00:00,73.63,69.79,37.35,41.69
27,3:00:00,72.62,67.61,37.04,41.74
27,4:00:00,72.44,65.56,37.04,40.96
27,5:00:00,72.39,64.17,36.6,43.94
27,6:00:00,72.21,63.54,36.31,43.17
27,7:00:00,71.36,61.91,35.55,44
27,8:00:00,68.88,61.08,34.07,43.67
27,9:00:00,68.12,59.86,33.53,43.42
27,10:00:00,67.81,59.63,32.76,43.58
27,11:00:00,67.3,60,33.39,41.13
27,12:00:00,67.94,61.57,33.39,40.47
27,13:00:00,69.56,67.14,34,44.68
27,14:00:00,71.14,70.77,34.18,47.92
27,15:00:00,73.41,75.19,34.18,50.8
27,16:00:00,75.95,78.98,33.57,53.92
27,17:00:00,77.7,81.42,33.96,55.23
27,18:00:00,79.27,82.22,33.13,56.17
27,19:00:00,78.94,84.55,32.28,57.03
27,20:00:00,77.81,84.73,31.49,55.97
27,21:00:00,76.92,85.06,31.49,54.67
27,22:00:00,74.13,84.55,30.72,52.83
27,23:00:00,71.98,82.23,30.25,50.48
28,0:00:00,71.52,76,29.47,48.52
28,1:00:00,70.13,72.26,30.1,47.25
28,2:00:00,70.26,70.44,29.09,46.62
28,3:00:00,69.27,68.12,29.09,48.48
28,4:00:00,68.41,67.32,28.86,49.03
28,5:00:00,67.76,66.18,28.23,47.49
28,6:00:00,66.95,66.45,27.7,46.49
28,7:00:00,67.08,66.19,27.63,45.99
28,8:00:00,66.11,64.88,27.47,46.12
28,9:00:00,64.55,65.38,26.55,46.87
28,10:00:00,64.61,65.2,25.4,46.87
28,11:00:00,64.56,64.6,25.81,46.87
28,12:00:00,65.38,66.47,26.64,46.55
28,13:00:00,68,70.49,26.58,46.86
28,14:00:00,70.33,75.12,27.47,46.45
28,15:00:00,71.99,78.99,27.85,46.5
28,16:00:00,72.32,80.55,29.55,46.5
28,17:00:00,72.61,83.36,31.39,47.01
28,18:00:00,73.18,84.88,32.85,46.65
28,19:00:00,73.86,85.53,34.56,47.66
28,20:00:00,73.49,85.7,35.61,47.3
28,21:00:00,73.31,85.67,35.99,46.93
28,22:00:00,72.53,83.28,35.22,45.98
28,23:00:00,70.86,81.61,33.05,45.8
29,0:00:00,69.75,77.24,30.58,45.44
29,1:00:00,65.98,75.11,29.94,44.24
29,2:00:00,65.25,72.77,29.78,43.74
29,3:00:00,62.43,71.53,28.99,43.38
29,4:00:00,61.43,70.54,28.55,42.94
29,5:00:00,59.29,69.84,29.13,42.76
29,6:00:00,60.11,68.85,29.03,42.76
29,7:00:00,59.11,67.4,29.66,42.58
29,8:00:00,58.28,66.9,30.46,42.08
29,9:00:00,58.28,66.21,29.93,41.58
29,10:00:00,57.47,66.21,29.49,41.9
29,11:00:00,56.98,66.11,30.19,41.09
29,12:00:00,59.34,68.74,30.64,40.9
29,13:00:00,62.03,72.58,32.31,40.96
29,14:00:00,64.79,76.63,35.88,41.14
29,15:00:00,66.28,80.76,40.98,40.57
29,16:00:00,67.5,82.61,44.24,40.88
29,17:00:00,69.78,85.06,46.34,40.7
29,18:00:00,70.53,87.48,47.75,40.19
29,19:00:00,71.34,87.93,47.28,39.37
29,20:00:00,71.33,87.01,47.56,39.24
29,21:00:00,70.64,88.25,48.23,38.04
29,22:00:00,70.01,86.47,48.38,37.73
29,23:00:00,67.79,83.24,46.79,37.6
30,0:00:00,64.97,78.76,46.63,36.46
30,1:00:00,62.16,76.15,45.97,36.15
30,2:00:00,58.97,73.85,44.89,36.02
30,3:00:00,56.73,72.49,43.57,35.7